{
  "version": 1,
  "author": "Uri Shaked",
  "editor": "wokwi",
  "parts": [
    { "type": "wokwi-arduino-uno", "id": "uno", "top": 202.2, "left": 18.6, "attrs": {} },
    { "type": "wokwi-membrane-keypad", "id": "keypad", "top": -251.6, "left": 149.6, "attrs": {} },
    { "type": "wokwi-lcd1602", "id": "lcd", "top": 464.23, "left": -99.2, "attrs": {} },
    { "type": "wokwi-lcd2004", "id": "lcd1", "top": 420.76, "left": -99.2, "attrs": {} }
  ],
  "connections": [
    [ "uno:GND.2", "lcd:K", "black", [ "v28.7", "h-332.1", "v259.2", "h220.8" ] ],
    [ "lcd:VSS", "uno:GND.2", "black", [ "v86.4", "h-76.8", "v-259.2", "h264.9" ] ],
    [ "lcd:RW", "uno:GND.2", "black", [ "v86.4", "h-115.3", "v-259.2", "h264.9" ] ],
    [ "lcd:VDD", "uno:5V", "red", [ "v105.6", "h-115.1", "v-259.2", "h288", "v-47.9" ] ],
    [ "lcd:A", "uno:5V", "red", [ "v105.6", "h-240.1", "v-259.2", "h288", "v-47.9" ] ],
    [ "lcd:RS", "uno:A0", "orange", [ "v67.2", "h153.9" ] ],
    [ "lcd:E", "uno:A1", "gold", [ "v57.6", "h163.2" ] ],
    [ "lcd:D0", "uno:GND.2", "black", [ "v86.4", "h-134.3", "v-259.2", "h264.9" ] ],
    [ "lcd:D1", "uno:GND.2", "black", [ "v86.4", "h-144.3", "v-259.2", "h259.2" ] ],
    [ "lcd:D2", "uno:GND.2", "black", [ "v86.4", "h-153.8", "v-259.2", "h211.2" ] ],
    [ "lcd:D3", "uno:GND.2", "black", [ "v86.4", "h-163.3", "v-259.2", "h240" ] ],
    [ "lcd:D7", "uno:A2", "green", [ "v48", "h77.1" ] ],
    [ "lcd:D6", "uno:A3", "green", [ "v38.4", "h96.2" ] ],
    [ "lcd:D5", "uno:A4", "green", [ "v28.8", "h96.1" ] ],
    [ "lcd:D4", "uno:A5", "green", [ "v19.2", "h182.4" ] ],
    [ "uno:9", "uno:4", "green", [ "v-19.2", "h29.6" ] ],
    [ "keypad:C4", "uno:13", "green", [ "v28.8", "h-125.5" ] ],
    [ "keypad:C3", "uno:12", "green", [ "v38.4", "h-106.25" ] ],
    [ "keypad:C2", "uno:11", "green", [ "v48", "h-87" ] ],
    [ "keypad:C1", "uno:10", "green", [ "v57.6", "h-68" ] ],
    [ "keypad:R4", "uno:8", "green", [ "v67.2", "h-29" ] ],
    [ "keypad:R3", "uno:7", "green", [ "v76.8", "h-9.9" ] ],
    [ "keypad:R2", "uno:6", "green", [ "v86.4", "h9.2" ] ],
    [ "keypad:R1", "uno:5", "green", [ "v96", "h19.2" ] ],
    [ "lcd:VSS", "lcd1:VSS", "green", [ "v0" ] ],
    [ "lcd:VDD", "lcd1:VDD", "green", [ "v0" ] ],
    [ "lcd:RS", "lcd1:RS", "green", [ "v0" ] ],
    [ "lcd:RW", "lcd1:RW", "green", [ "v0" ] ],
    [ "lcd:E", "lcd1:E", "green", [ "v0" ] ],
    [ "lcd:D0", "lcd1:D0", "green", [ "v0" ] ],
    [ "lcd:D1", "lcd1:D1", "green", [ "v0" ] ],
    [ "lcd:D2", "lcd1:D2", "green", [ "v0" ] ],
    [ "lcd:D3", "lcd1:D3", "green", [ "v0" ] ],
    [ "lcd:D4", "lcd1:D4", "green", [ "v0" ] ],
    [ "lcd:D5", "lcd1:D5", "green", [ "v0" ] ],
    [ "lcd:D6", "lcd1:D6", "green", [ "v0" ] ],
    [ "lcd:D7", "lcd1:D7", "green", [ "v0" ] ],
    [ "lcd:A", "lcd1:A", "green", [ "v0" ] ],
    [ "lcd:K", "lcd1:K", "green", [ "v0" ] ]
  ],
  "dependencies": {}
}